Cycle;DEPHPR01;POTMCV01;PSALPR01;TEMPST01
1;0.000;19.953;35.814;19.953
2;1.000;19.947;35.814;19.947
3;2.000;19.938;35.813;19.938
4;3.000;19.917;35.811;19.918
5;4.000;19.893;35.811;19.894
6;5.000;19.867;35.812;19.868
7;6.000;19.867;35.812;19.868
8;7.000;19.865;35.812;19.866
9;8.000;19.852;35.811;19.853
10;9.000;19.843;35.813;19.845
11;10.000;19.841;35.812;19.843
12;11.000;19.835;35.812;19.837
13;12.000;19.825;35.812;19.827
14;13.000;19.813;35.812;19.815
15;14.000;19.801;35.811;19.803
16;15.000;19.780;35.809;19.783
17;16.000;19.718;35.813;19.721
18;17.000;19.693;35.815;19.696
19;18.000;19.671;35.816;19.674
20;19.000;19.635;35.814;19.638
21;20.000;19.619;35.816;19.622
22;21.000;19.604;35.816;19.608
23;22.000;19.583;35.813;19.587
24;23.000;19.541;35.808;19.545
25;24.000;19.474;35.809;19.478
26;25.000;19.364;35.803;19.368
27;26.000;19.301;35.806;19.305
28;27.000;19.237;35.808;19.242
29;28.000;19.077;35.808;19.082
30;29.000;18.896;35.827;18.901
31;30.000;18.632;35.902;18.637
32;31.000;18.366;35.932;18.371
33;32.000;18.068;35.936;18.073
34;33.000;17.765;35.921;17.770
35;34.000;17.416;35.896;17.421
36;35.000;16.908;35.856;16.913
37;36.000;16.609;35.890;16.614
38;37.000;16.329;35.898;16.335
39;38.000;15.885;35.819;15.891
40;39.000;15.671;35.790;15.677
41;40.000;15.578;35.798;15.584
42;41.000;15.523;35.789;15.529
43;42.000;15.382;35.793;15.388
44;43.000;15.273;35.788;15.279
45;44.000;15.161;35.797;15.167
46;45.000;15.073;35.812;15.079
47;46.000;15.028;35.824;15.034
48;47.000;14.975;35.827;14.982
49;48.000;14.915;35.826;14.922
50;49.000;14.805;35.821;14.812
51;50.000;14.708;35.814;14.715
52;51.000;14.651;35.817;14.658
53;52.000;14.640;35.852;14.647
54;53.000;14.630;35.876;14.637
55;54.000;14.631;35.895;14.638
56;55.000;14.632;35.900;14.640
57;56.000;14.613;35.910;14.621
58;57.000;14.585;35.922;14.593
59;58.000;14.556;35.932;14.564
60;59.000;14.531;35.935;14.539
61;60.000;14.490;35.934;14.498
62;61.000;14.449;35.932;14.457
63;62.000;14.434;35.941;14.442
64;63.000;14.421;35.946;14.430
65;64.000;14.412;35.951;14.421
66;65.000;14.410;35.954;14.419
67;66.000;14.407;35.953;14.416
68;67.000;14.305;35.940;14.314
69;68.000;14.201;35.924;14.210
70;69.000;14.211;35.931;14.220
71;70.000;14.221;35.939;14.230
72;71.000;14.235;35.945;14.245
73;72.000;14.240;35.949;14.250
74;73.000;14.228;35.949;14.238
75;74.000;14.199;35.946;14.209
76;75.000;14.164;35.942;14.174
77;76.000;14.134;35.939;14.144
78;77.000;14.106;35.935;14.116
79;78.000;14.081;35.930;14.091
80;79.000;14.055;35.929;14.066
81;80.000;14.040;35.926;14.051
82;81.000;14.025;35.925;14.036
83;82.000;14.010;35.922;14.021
84;83.000;13.985;35.919;13.996
85;84.000;13.942;35.910;13.953
86;85.000;13.891;35.905;13.902
87;86.000;13.822;35.891;13.833
88;87.000;13.788;35.882;13.799
89;88.000;13.769;35.880;13.781
90;89.000;13.761;35.878;13.773
91;90.000;13.746;35.877;13.758
92;91.000;13.720;35.873;13.732
93;92.000;13.680;35.868;13.692
94;93.000;13.651;35.864;13.663
95;94.000;13.631;35.860;13.643
96;95.000;13.615;35.857;13.627
97;96.000;13.606;35.857;13.619
98;97.000;13.591;35.855;13.604
99;98.000;13.562;35.850;13.575
100;99.000;13.534;35.844;13.547
101;100.000;13.502;35.838;13.515
102;101.000;13.471;35.833;13.484
103;102.000;13.444;35.829;13.457
104;103.000;13.414;35.823;13.427
105;104.000;13.396;35.821;13.409
106;105.000;13.382;35.818;13.396
107;106.000;13.369;35.816;13.383
108;107.000;13.366;35.816;13.380
109;108.000;13.363;35.816;13.377
110;109.000;13.359;35.816;13.373
111;110.000;13.336;35.812;13.350
112;111.000;13.313;35.808;13.327
113;112.000;13.294;35.805;13.308
114;113.000;13.282;35.805;13.297
115;114.000;13.277;35.804;13.292
116;115.000;13.273;35.806;13.288
117;116.000;13.268;35.806;13.283
118;117.000;13.251;35.803;13.266
119;118.000;13.229;35.799;13.244
120;119.000;13.208;35.796;13.223
121;120.000;13.199;35.794;13.214
122;121.000;13.190;35.794;13.205
123;122.000;13.184;35.793;13.200
124;123.000;13.180;35.794;13.196
125;124.000;13.174;35.791;13.190
126;125.000;13.170;35.792;13.186
127;126.000;13.164;35.791;13.180
128;127.000;13.157;35.790;13.173
129;128.000;13.150;35.788;13.166
130;129.000;13.143;35.789;13.159
131;130.000;13.132;35.786;13.149
132;131.000;13.117;35.784;13.134
133;132.000;13.106;35.783;13.123
134;133.000;13.096;35.782;13.113
135;134.000;13.086;35.779;13.103
136;135.000;13.074;35.778;13.091
137;136.000;13.063;35.775;13.080
138;137.000;13.060;35.776;13.077
139;138.000;13.057;35.774;13.075
140;139.000;13.051;35.775;13.069
141;140.000;13.047;35.773;13.065
142;141.000;13.031;35.772;13.049
143;142.000;13.014;35.770;13.032
144;143.000;13.008;35.770;13.026
145;144.000;12.999;35.767;13.017
146;145.000;12.985;35.765;13.003
147;146.000;12.977;35.766;12.995
148;147.000;12.968;35.763;12.987
149;148.000;12.955;35.761;12.974
150;149.000;12.937;35.758;12.956
151;150.000;12.929;35.756;12.948
152;151.000;12.928;35.757;12.947
153;152.000;12.926;35.757;12.945
154;153.000;12.917;35.756;12.936
155;154.000;12.907;35.755;12.926
156;155.000;12.894;35.754;12.914
157;156.000;12.883;35.752;12.903
158;157.000;12.872;35.751;12.892
159;158.000;12.860;35.748;12.880
160;159.000;12.843;35.743;12.863
161;160.000;12.830;35.741;12.850
162;161.000;12.824;35.741;12.844
163;162.000;12.822;35.741;12.842
164;163.000;12.822;35.742;12.842
165;164.000;12.822;35.744;12.843
166;165.000;12.820;35.743;12.841
167;166.000;12.818;35.743;12.839
168;167.000;12.817;35.743;12.838
169;168.000;12.814;35.743;12.835
170;169.000;12.805;35.742;12.826
171;170.000;12.795;35.741;12.816
172;171.000;12.786;35.740;12.807
173;172.000;12.774;35.739;12.796
174;173.000;12.764;35.736;12.786
175;174.000;12.758;35.736;12.780
176;175.000;12.750;35.733;12.772
177;176.000;12.743;35.733;12.765
178;177.000;12.736;35.733;12.758
179;178.000;12.726;35.733;12.748
180;179.000;12.710;35.730;12.732
181;180.000;12.705;35.729;12.727
182;181.000;12.698;35.729;12.721
183;182.000;12.694;35.728;12.717
184;183.000;12.693;35.728;12.716
185;184.000;12.691;35.728;12.714
186;185.000;12.688;35.726;12.711
187;186.000;12.676;35.725;12.699
188;187.000;12.666;35.724;12.689
189;188.000;12.659;35.722;12.682
190;189.000;12.658;35.722;12.682
191;190.000;12.655;35.722;12.679
192;191.000;12.652;35.722;12.676
193;192.000;12.648;35.722;12.672
194;193.000;12.646;35.721;12.670
195;194.000;12.640;35.721;12.664
196;195.000;12.636;35.720;12.660
197;196.000;12.630;35.719;12.654
198;197.000;12.615;35.716;12.639
199;198.000;12.606;35.715;12.631
200;199.000;12.605;35.714;12.630
201;200.000;12.602;35.714;12.627
202;201.000;12.596;35.714;12.621
203;202.000;12.584;35.713;12.609
204;203.000;12.564;35.712;12.589
205;204.000;12.544;35.708;12.569
206;205.000;12.526;35.706;12.551
207;206.000;12.523;35.706;12.548
208;207.000;12.518;35.705;12.544
209;208.000;12.515;35.704;12.541
210;209.000;12.511;35.703;12.537
211;210.000;12.508;35.703;12.534
212;211.000;12.504;35.702;12.530
213;212.000;12.497;35.701;12.523
214;213.000;12.488;35.699;12.514
215;214.000;12.483;35.699;12.509
216;215.000;12.480;35.698;12.507
217;216.000;12.477;35.698;12.504
218;217.000;12.474;35.697;12.501
219;218.000;12.472;35.697;12.499
220;219.000;12.467;35.697;12.494
221;220.000;12.463;35.698;12.490
222;221.000;12.452;35.695;12.479
223;222.000;12.440;35.693;12.467
224;223.000;12.429;35.692;12.456
225;224.000;12.423;35.690;12.451
226;225.000;12.415;35.690;12.443
227;226.000;12.403;35.687;12.431
228;227.000;12.399;35.687;12.427
229;228.000;12.395;35.686;12.423
230;229.000;12.386;35.685;12.414
231;230.000;12.378;35.684;12.406
232;231.000;12.371;35.682;12.399
233;232.000;12.364;35.682;12.392
234;233.000;12.358;35.681;12.387
235;234.000;12.344;35.678;12.373
236;235.000;12.332;35.677;12.361
237;236.000;12.328;35.678;12.357
238;237.000;12.322;35.676;12.351
239;238.000;12.313;35.675;12.342
240;239.000;12.302;35.675;12.331
241;240.000;12.289;35.672;12.318
242;241.000;12.280;35.672;12.309
243;242.000;12.274;35.671;12.304
244;243.000;12.269;35.670;12.299
245;244.000;12.265;35.670;12.295
246;245.000;12.264;35.669;12.294
247;246.000;12.263;35.669;12.293
248;247.000;12.258;35.669;12.288
249;248.000;12.253;35.668;12.283
250;249.000;12.249;35.667;12.279
251;250.000;12.245;35.668;12.275
252;251.000;12.240;35.667;12.271
253;252.000;12.232;35.666;12.263
254;253.000;12.219;35.665;12.250
255;254.000;12.212;35.664;12.243
256;255.000;12.208;35.663;12.239
257;256.000;12.201;35.663;12.232
258;257.000;12.197;35.663;12.228
259;258.000;12.195;35.664;12.226
260;259.000;12.195;35.664;12.226
261;260.000;12.193;35.663;12.225
262;261.000;12.194;35.664;12.226
263;262.000;12.197;35.667;12.229
264;263.000;12.196;35.667;12.228
265;264.000;12.190;35.666;12.222
266;265.000;12.177;35.664;12.209
267;266.000;12.171;35.663;12.203
268;267.000;12.169;35.662;12.201
269;268.000;12.159;35.662;12.192
270;269.000;12.148;35.661;12.181
271;270.000;12.142;35.660;12.175
272;271.000;12.138;35.659;12.171
273;272.000;12.135;35.659;12.168
274;273.000;12.134;35.659;12.167
275;274.000;12.130;35.658;12.163
276;275.000;12.119;35.655;12.152
277;276.000;12.113;35.656;12.146
278;277.000;12.110;35.656;12.144
279;278.000;12.114;35.656;12.148
280;279.000;12.113;35.656;12.147
281;280.000;12.111;35.657;12.145
282;281.000;12.110;35.657;12.144
283;282.000;12.109;35.656;12.143
284;283.000;12.108;35.657;12.142
285;284.000;12.104;35.657;12.138
286;285.000;12.098;35.656;12.133
287;286.000;12.090;35.656;12.125
288;287.000;12.081;35.653;12.116
289;288.000;12.073;35.652;12.108
290;289.000;12.070;35.651;12.105
291;290.000;12.070;35.652;12.105
292;291.000;12.067;35.652;12.102
293;292.000;12.064;35.652;12.099
294;293.000;12.063;35.652;12.098
295;294.000;12.061;35.652;12.097
296;295.000;12.059;35.652;12.095
297;296.000;12.058;35.653;12.094
298;297.000;12.055;35.652;12.091
299;298.000;12.051;35.652;12.087
300;299.000;12.049;35.652;12.085
301;300.000;12.040;35.650;12.076
302;301.000;12.025;35.648;12.061
303;302.000;12.020;35.647;12.056
304;303.000;12.014;35.647;12.051
305;304.000;12.004;35.644;12.041
306;305.000;11.993;35.644;12.030
307;306.000;11.987;35.644;12.024
308;307.000;11.985;35.643;12.022
309;308.000;11.981;35.644;12.018
310;309.000;11.970;35.641;12.007
311;310.000;11.962;35.642;11.999
312;311.000;11.976;35.646;12.013
313;312.000;11.970;35.647;12.008
314;313.000;11.955;35.643;11.993
315;314.000;11.956;35.644;11.994
316;315.000;11.951;35.643;11.989
317;316.000;11.941;35.642;11.979
318;317.000;11.942;35.644;11.980
319;318.000;11.943;35.643;11.981
320;319.000;11.936;35.644;11.974
321;320.000;11.932;35.643;11.970
322;321.000;11.926;35.644;11.965
323;322.000;11.921;35.643;11.960
324;323.000;11.911;35.643;11.950
325;324.000;11.891;35.641;11.930
326;325.000;11.888;35.641;11.927
327;326.000;11.886;35.641;11.925
328;327.000;11.884;35.640;11.923
329;328.000;11.881;35.640;11.920
330;329.000;11.881;35.642;11.920
331;330.000;11.881;35.642;11.921
332;331.000;11.875;35.641;11.915
333;332.000;11.868;35.641;11.908
334;333.000;11.866;35.642;11.906
335;334.000;11.864;35.642;11.904
336;335.000;11.862;35.641;11.902
337;336.000;11.858;35.642;11.898
338;337.000;11.853;35.642;11.893
339;338.000;11.848;35.640;11.888
340;339.000;11.842;35.641;11.883
341;340.000;11.839;35.641;11.880
342;341.000;11.839;35.640;11.880
343;342.000;11.838;35.639;11.879
344;343.000;11.831;35.639;11.872
345;344.000;11.818;35.636;11.859
346;345.000;11.787;35.632;11.828
347;346.000;11.751;35.627;11.792
348;347.000;11.732;35.623;11.773
349;348.000;11.728;35.622;11.769
350;349.000;11.726;35.623;11.767
351;350.000;11.726;35.623;11.768
352;351.000;11.724;35.622;11.766
353;352.000;11.715;35.622;11.757
354;353.000;11.706;35.622;11.748
355;354.000;11.696;35.619;11.738
356;355.000;11.681;35.618;11.723
357;356.000;11.678;35.619;11.720
358;357.000;11.674;35.619;11.716
359;358.000;11.664;35.618;11.706
360;359.000;11.653;35.618;11.695
361;360.000;11.652;35.617;11.695
362;361.000;11.652;35.618;11.695
363;362.000;11.651;35.618;11.694
364;363.000;11.646;35.619;11.689
365;364.000;11.637;35.618;11.680
366;365.000;11.629;35.616;11.672
367;366.000;11.625;35.617;11.668
368;367.000;11.622;35.616;11.665
369;368.000;11.620;35.616;11.663
370;369.000;11.612;35.615;11.656
371;370.000;11.606;35.615;11.650
372;371.000;11.603;35.615;11.647
373;372.000;11.600;35.615;11.644
374;373.000;11.594;35.616;11.638
375;374.000;11.577;35.614;11.621
376;375.000;11.566;35.611;11.610
377;376.000;11.557;35.611;11.601
378;377.000;11.549;35.610;11.593
379;378.000;11.549;35.609;11.593
380;379.000;11.547;35.611;11.592
381;380.000;11.547;35.610;11.592
382;381.000;11.539;35.611;11.584
383;382.000;11.528;35.610;11.573
384;383.000;11.518;35.608;11.563
385;384.000;11.516;35.609;11.561
386;385.000;11.515;35.609;11.560
387;386.000;11.513;35.610;11.558
388;387.000;11.512;35.609;11.557
389;388.000;11.506;35.611;11.552
390;389.000;11.504;35.610;11.550
391;390.000;11.502;35.611;11.548
392;391.000;11.497;35.610;11.543
393;392.000;11.493;35.610;11.539
394;393.000;11.493;35.609;11.539
395;394.000;11.490;35.610;11.536
396;395.000;11.487;35.610;11.533
397;396.000;11.483;35.610;11.529
398;397.000;11.478;35.610;11.525
399;398.000;11.478;35.610;11.525
400;399.000;11.476;35.610;11.523
401;400.000;11.477;35.610;11.524
402;401.000;11.476;35.610;11.523
403;402.000;11.475;35.610;11.522
404;403.000;11.471;35.610;11.518
405;404.000;11.465;35.611;11.512
406;405.000;11.463;35.611;11.510
407;406.000;11.462;35.611;11.510
408;407.000;11.460;35.611;11.508
409;408.000;11.458;35.612;11.506
410;409.000;11.458;35.610;11.506
411;410.000;11.457;35.611;11.505
412;411.000;11.455;35.610;11.503
413;412.000;11.451;35.612;11.499
414;413.000;11.447;35.613;11.495
415;414.000;11.442;35.613;11.491
416;415.000;11.440;35.612;11.489
417;416.000;11.439;35.612;11.488
418;417.000;11.437;35.612;11.486
419;418.000;11.432;35.612;11.481
420;419.000;11.425;35.613;11.474
421;420.000;11.420;35.613;11.469
422;421.000;11.415;35.614;11.464
423;422.000;11.412;35.612;11.461
424;423.000;11.410;35.613;11.459
425;424.000;11.405;35.613;11.455
426;425.000;11.403;35.614;11.453
427;426.000;11.401;35.614;11.451
428;427.000;11.400;35.614;11.450
429;428.000;11.397;35.613;11.447
430;429.000;11.395;35.614;11.445
431;430.000;11.389;35.613;11.439
432;431.000;11.384;35.613;11.434
433;432.000;11.382;35.613;11.432
434;433.000;11.378;35.612;11.429
435;434.000;11.373;35.613;11.424
436;435.000;11.368;35.611;11.419
437;436.000;11.363;35.611;11.414
438;437.000;11.358;35.610;11.409
439;438.000;11.354;35.610;11.405
440;439.000;11.355;35.611;11.406
441;440.000;11.354;35.614;11.405
442;441.000;11.350;35.614;11.401
443;442.000;11.349;35.616;11.401
444;443.000;11.343;35.616;11.395
445;444.000;11.340;35.614;11.392
446;445.000;11.335;35.614;11.387
447;446.000;11.328;35.613;11.380
448;447.000;11.324;35.613;11.376
449;448.000;11.315;35.612;11.367
450;449.000;11.311;35.612;11.363
451;450.000;11.309;35.612;11.361
452;451.000;11.307;35.612;11.360
453;452.000;11.302;35.615;11.355
454;453.000;11.297;35.613;11.350
455;454.000;11.294;35.614;11.347
456;455.000;11.292;35.612;11.345
457;456.000;11.297;35.614;11.350
458;457.000;11.303;35.617;11.356
459;458.000;11.305;35.620;11.358
460;459.000;11.306;35.619;11.359
461;460.000;11.303;35.620;11.357
462;461.000;11.302;35.620;11.356
463;462.000;11.301;35.619;11.355
464;463.000;11.297;35.621;11.351
465;464.000;11.288;35.619;11.342
466;465.000;11.279;35.618;11.333
467;466.000;11.273;35.619;11.327
468;467.000;11.274;35.618;11.328
469;468.000;11.277;35.622;11.331
470;469.000;11.285;35.625;11.340
471;470.000;11.292;35.627;11.347
472;471.000;11.291;35.628;11.346
473;472.000;11.282;35.627;11.337
474;473.000;11.273;35.626;11.328
475;474.000;11.265;35.625;11.320
476;475.000;11.256;35.624;11.311
477;476.000;11.247;35.623;11.302
478;477.000;11.243;35.624;11.298
479;478.000;11.239;35.622;11.295
480;479.000;11.241;35.623;11.297
481;480.000;11.246;35.624;11.302
482;481.000;11.250;35.625;11.306
483;482.000;11.257;35.628;11.313
484;483.000;11.260;35.629;11.316
485;484.000;11.249;35.628;11.305
486;485.000;11.227;35.625;11.283
487;486.000;11.223;35.625;11.279
488;487.000;11.225;35.626;11.282
489;488.000;11.244;35.633;11.301
490;489.000;11.258;35.639;11.315
491;490.000;11.264;35.643;11.321
492;491.000;11.276;35.647;11.333
493;492.000;11.296;35.652;11.353
494;493.000;11.304;35.655;11.362
495;494.000;11.322;35.659;11.380
496;495.000;11.328;35.662;11.386
497;496.000;11.325;35.661;11.383
498;497.000;11.301;35.657;11.359
499;498.000;11.281;35.655;11.339
500;499.000;11.269;35.655;11.327
501;500.000;11.265;35.654;11.323
502;501.000;11.263;35.656;11.321
503;502.000;11.266;35.657;11.324
504;503.000;11.271;35.660;11.330
505;504.000;11.277;35.663;11.336
506;505.000;11.282;35.664;11.341
507;506.000;11.287;35.666;11.346
508;507.000;11.292;35.670;11.351
509;508.000;11.296;35.672;11.355
510;509.000;11.296;35.673;11.355
511;510.000;11.295;35.673;11.355
512;511.000;11.292;35.674;11.352
513;512.000;11.277;35.671;11.337
514;513.000;11.244;35.666;11.304
515;514.000;11.232;35.663;11.292
516;515.000;11.233;35.665;11.293
517;516.000;11.237;35.667;11.297
518;517.000;11.243;35.668;11.303
519;518.000;11.244;35.668;11.304
520;519.000;11.246;35.670;11.306
521;520.000;11.249;35.671;11.310
522;521.000;11.253;35.672;11.314
523;522.000;11.257;35.675;11.318
524;523.000;11.257;35.679;11.318
525;524.000;11.284;35.691;11.345
526;525.000;11.300;35.699;11.361
527;526.000;11.309;35.705;11.371
528;527.000;11.305;35.705;11.367
529;528.000;11.301;35.705;11.363
530;529.000;11.301;35.706;11.363
531;530.000;11.300;35.705;11.362
532;531.000;11.299;35.706;11.361
533;532.000;11.299;35.705;11.361
534;533.000;11.297;35.706;11.359
535;534.000;11.294;35.705;11.356
536;535.000;11.287;35.705;11.350
537;536.000;11.284;35.705;11.347
538;537.000;11.288;35.706;11.351
539;538.000;11.277;35.705;11.340
540;539.000;11.256;35.700;11.319
541;540.000;11.237;35.696;11.300
542;541.000;11.226;35.695;11.289
543;542.000;11.242;35.702;11.305
544;543.000;11.262;35.712;11.325
545;544.000;11.278;35.714;11.342
546;545.000;11.299;35.721;11.363
547;546.000;11.313;35.725;11.377
548;547.000;11.320;35.727;11.384
549;548.000;11.322;35.729;11.386
550;549.000;11.321;35.730;11.385
551;550.000;11.324;35.733;11.389
552;551.000;11.325;35.734;11.390
553;552.000;11.324;35.734;11.389
554;553.000;11.324;35.735;11.389
555;554.000;11.324;35.735;11.389
556;555.000;11.323;35.736;11.388
557;556.000;11.324;35.735;11.389
558;557.000;11.323;35.736;11.388
559;558.000;11.321;35.736;11.386
560;559.000;11.318;35.737;11.384
561;560.000;11.319;35.736;11.385
562;561.000;11.328;35.745;11.394
563;562.000;11.332;35.749;11.398
564;563.000;11.339;35.753;11.405
565;564.000;11.342;35.754;11.408
566;565.000;11.345;35.756;11.411
567;566.000;11.345;35.756;11.412
568;567.000;11.340;35.757;11.407
569;568.000;11.335;35.757;11.402
570;569.000;11.335;35.761;11.402
571;570.000;11.336;35.760;11.403
572;571.000;11.334;35.761;11.401
573;572.000;11.342;35.763;11.409
574;573.000;11.350;35.766;11.417
575;574.000;11.356;35.770;11.424
576;575.000;11.362;35.774;11.430
577;576.000;11.369;35.777;11.437
578;577.000;11.364;35.779;11.432
579;578.000;11.345;35.775;11.413
580;579.000;11.329;35.772;11.397
581;580.000;11.328;35.772;11.396
582;581.000;11.332;35.773;11.400
583;582.000;11.340;35.776;11.409
584;583.000;11.349;35.780;11.418
585;584.000;11.355;35.785;11.424
586;585.000;11.348;35.789;11.417
587;586.000;11.352;35.794;11.421
588;587.000;11.363;35.796;11.432
589;588.000;11.383;35.803;11.452
590;589.000;11.387;35.807;11.457
591;590.000;11.392;35.808;11.462
592;591.000;11.398;35.812;11.468
593;592.000;11.403;35.814;11.473
594;593.000;11.395;35.812;11.465
595;594.000;11.387;35.810;11.457
596;595.000;11.378;35.810;11.448
597;596.000;11.370;35.808;11.440
598;597.000;11.363;35.807;11.433
599;598.000;11.358;35.808;11.429
600;599.000;11.373;35.814;11.444
601;600.000;11.391;35.820;11.462
602;601.000;11.395;35.824;11.466
603;602.000;11.397;35.825;11.468
604;603.000;11.400;35.828;11.471
605;604.000;11.400;35.828;11.471
606;605.000;11.403;35.831;11.475
607;606.000;11.414;35.836;11.486
608;607.000;11.415;35.837;11.487
609;608.000;11.414;35.837;11.486
610;609.000;11.415;35.837;11.487
611;610.000;11.417;35.839;11.489
612;611.000;11.420;35.839;11.492
613;612.000;11.420;35.840;11.493
614;613.000;11.421;35.840;11.494
615;614.000;11.421;35.842;11.494
616;615.000;11.418;35.842;11.491
617;616.000;11.415;35.843;11.488
618;617.000;11.412;35.842;11.485
619;618.000;11.411;35.843;11.484
620;619.000;11.412;35.845;11.485
621;620.000;11.412;35.846;11.486
622;621.000;11.410;35.847;11.484
623;622.000;11.412;35.846;11.486
624;623.000;11.411;35.846;11.485
625;624.000;11.408;35.846;11.482
626;625.000;11.408;35.846;11.482
627;626.000;11.410;35.848;11.484
628;627.000;11.418;35.853;11.492
629;628.000;11.423;35.858;11.498
630;629.000;11.430;35.859;11.505
631;630.000;11.437;35.863;11.512
632;631.000;11.443;35.866;11.518
633;632.000;11.448;35.868;11.523
634;633.000;11.451;35.871;11.526
635;634.000;11.454;35.872;11.529
636;635.000;11.454;35.873;11.530
637;636.000;11.456;35.874;11.532
638;637.000;11.462;35.876;11.538
639;638.000;11.466;35.879;11.542
640;639.000;11.467;35.880;11.543
641;640.000;11.466;35.883;11.542
642;641.000;11.467;35.883;11.543
643;642.000;11.469;35.885;11.545
644;643.000;11.477;35.889;11.554
645;644.000;11.488;35.894;11.565
646;645.000;11.494;35.896;11.571
647;646.000;11.494;35.899;11.571
648;647.000;11.501;35.901;11.578
649;648.000;11.504;35.902;11.581
650;649.000;11.509;35.905;11.587
651;650.000;11.518;35.909;11.596
652;651.000;11.526;35.915;11.604
653;652.000;11.531;35.919;11.609
654;653.000;11.533;35.920;11.611
655;654.000;11.535;35.922;11.613
656;655.000;11.542;35.925;11.620
657;656.000;11.549;35.928;11.628
658;657.000;11.553;35.932;11.632
659;658.000;11.559;35.933;11.638
660;659.000;11.561;35.935;11.640
661;660.000;11.563;35.935;11.642
662;661.000;11.565;35.937;11.644
663;662.000;11.567;35.939;11.646
664;663.000;11.568;35.940;11.648
665;664.000;11.571;35.942;11.651
666;665.000;11.574;35.943;11.654
667;666.000;11.576;35.947;11.656
668;667.000;11.577;35.949;11.657
669;668.000;11.579;35.951;11.659
670;669.000;11.584;35.954;11.664
671;670.000;11.588;35.958;11.669
672;671.000;11.589;35.960;11.670
673;672.000;11.588;35.961;11.669
674;673.000;11.588;35.962;11.669
675;674.000;11.589;35.961;11.670
676;675.000;11.589;35.962;11.670
677;676.000;11.590;35.962;11.671
678;677.000;11.590;35.965;11.671
679;678.000;11.591;35.965;11.673
680;679.000;11.591;35.965;11.673
681;680.000;11.592;35.967;11.674
682;681.000;11.596;35.967;11.678
683;682.000;11.599;35.970;11.681
684;683.000;11.602;35.971;11.684
685;684.000;11.603;35.972;11.685
686;685.000;11.602;35.973;11.685
687;686.000;11.602;35.973;11.685
688;687.000;11.601;35.974;11.684
689;688.000;11.600;35.975;11.683
690;689.000;11.606;35.978;11.689
691;690.000;11.609;35.981;11.692
692;691.000;11.606;35.983;11.689
693;692.000;11.605;35.982;11.688
694;693.000;11.603;35.983;11.687
695;694.000;11.601;35.983;11.685
696;695.000;11.602;35.984;11.686
697;696.000;11.601;35.985;11.685
698;697.000;11.597;35.986;11.681
699;698.000;11.598;35.987;11.682
700;699.000;11.594;35.988;11.678
701;700.000;11.592;35.987;11.676
702;701.000;11.594;35.990;11.679
703;702.000;11.596;35.991;11.681
704;703.000;11.593;35.991;11.678
705;704.000;11.592;35.993;11.677
706;705.000;11.595;35.993;11.680
707;706.000;11.596;35.995;11.681
708;707.000;11.599;35.995;11.684
709;708.000;11.602;35.996;11.687
710;709.000;11.607;35.999;11.693
711;710.000;11.614;36.003;11.700
712;711.000;11.617;36.005;11.703
713;712.000;11.611;36.004;11.697
714;713.000;11.609;36.005;11.695
715;714.000;11.610;36.005;11.696
716;715.000;11.609;36.006;11.695
717;716.000;11.609;36.007;11.695
718;717.000;11.617;36.012;11.704
719;718.000;11.628;36.018;11.715
720;719.000;11.634;36.021;11.721
721;720.000;11.637;36.024;11.724
722;721.000;11.639;36.024;11.726
723;722.000;11.641;36.025;11.728
724;723.000;11.642;36.026;11.730
725;724.000;11.647;36.029;11.735
726;725.000;11.652;36.033;11.740
727;726.000;11.657;36.036;11.745
728;727.000;11.664;36.040;11.752
729;728.000;11.652;36.039;11.740
730;729.000;11.651;36.039;11.739
731;730.000;11.651;36.040;11.739
732;731.000;11.650;36.042;11.739
733;732.000;11.651;36.043;11.740
734;733.000;11.653;36.045;11.742
735;734.000;11.659;36.048;11.748
736;735.000;11.663;36.049;11.752
737;736.000;11.665;36.051;11.754
738;737.000;11.670;36.053;11.759
739;738.000;11.675;36.056;11.765
740;739.000;11.678;36.058;11.768
741;740.000;11.682;36.058;11.772
742;741.000;11.681;36.059;11.771
743;742.000;11.677;36.060;11.767
744;743.000;11.678;36.063;11.768
745;744.000;11.685;36.065;11.775
746;745.000;11.685;36.068;11.776
747;746.000;11.681;36.071;11.772
748;747.000;11.679;36.073;11.770
749;748.000;11.684;36.075;11.775
750;749.000;11.691;36.079;11.782
751;750.000;11.687;36.080;11.778
752;751.000;11.685;36.081;11.776
753;752.000;11.687;36.084;11.778
754;753.000;11.693;36.085;11.785
755;754.000;11.702;36.087;11.794
756;755.000;11.711;36.090;11.803
757;756.000;11.721;36.093;11.813
758;757.000;11.729;36.097;11.821
759;758.000;11.733;36.097;11.825
760;759.000;11.732;36.097;11.825
761;760.000;11.735;36.098;11.828
762;761.000;11.741;36.102;11.834
763;762.000;11.747;36.105;11.840
764;763.000;11.749;36.108;11.842
765;764.000;11.745;36.108;11.838
766;765.000;11.740;36.106;11.833
767;766.000;11.737;36.107;11.831
768;767.000;11.737;36.107;11.831
769;768.000;11.738;36.108;11.832
770;769.000;11.740;36.109;11.834
771;770.000;11.740;36.110;11.834
772;771.000;11.740;36.111;11.834
773;772.000;11.739;36.113;11.833
774;773.000;11.738;36.113;11.832
775;774.000;11.734;36.113;11.829
776;775.000;11.726;36.112;11.821
777;776.000;11.721;36.113;11.816
778;777.000;11.720;36.114;11.815
779;778.000;11.720;36.115;11.815
780;779.000;11.720;36.116;11.815
781;780.000;11.726;36.118;11.821
782;781.000;11.731;36.121;11.826
783;782.000;11.731;36.122;11.827
784;783.000;11.732;36.123;11.828
785;784.000;11.733;36.125;11.829
786;785.000;11.735;36.126;11.831
787;786.000;11.737;36.127;11.833
788;787.000;11.736;36.130;11.832
789;788.000;11.734;36.130;11.830
790;789.000;11.731;36.130;11.827
791;790.000;11.729;36.130;11.826
792;791.000;11.727;36.130;11.824
793;792.000;11.723;36.130;11.820
794;793.000;11.720;36.130;11.817
795;794.000;11.718;36.130;11.815
796;795.000;11.717;36.130;11.814
797;796.000;11.719;36.130;11.816
798;797.000;11.716;36.130;11.813
799;798.000;11.708;36.130;11.805
800;799.000;11.697;36.128;11.795
801;800.000;11.686;36.126;11.784
802;801.000;11.674;36.124;11.772
803;802.000;11.664;36.123;11.762
804;803.000;11.660;36.122;11.758
805;804.000;11.658;36.122;11.756
806;805.000;11.656;36.121;11.754
807;806.000;11.654;36.122;11.752
808;807.000;11.656;36.124;11.754
809;808.000;11.654;36.124;11.752
810;809.000;11.652;36.124;11.751
811;810.000;11.651;36.125;11.750
812;811.000;11.659;36.128;11.758
813;812.000;11.664;36.131;11.763
814;813.000;11.654;36.132;11.753
815;814.000;11.655;36.134;11.754
816;815.000;11.664;36.139;11.763
817;816.000;11.672;36.142;11.772
818;817.000;11.681;36.144;11.781
819;818.000;11.683;36.145;11.783
820;819.000;11.684;36.146;11.784
821;820.000;11.685;36.147;11.785
822;821.000;11.685;36.148;11.785
823;822.000;11.685;36.150;11.785
824;823.000;11.685;36.149;11.786
825;824.000;11.684;36.150;11.785
826;825.000;11.685;36.149;11.786
827;826.000;11.689;36.152;11.790
828;827.000;11.692;36.154;11.793
829;828.000;11.692;36.155;11.793
830;829.000;11.680;36.152;11.781
831;830.000;11.681;36.155;11.782
832;831.000;11.688;36.159;11.790
833;832.000;11.693;36.161;11.795
834;833.000;11.693;36.163;11.795
835;834.000;11.694;36.163;11.796
836;835.000;11.696;36.165;11.798
837;836.000;11.700;36.166;11.802
838;837.000;11.702;36.168;11.804
839;838.000;11.694;36.171;11.797
840;839.000;11.693;36.172;11.796
841;840.000;11.695;36.173;11.798
842;841.000;11.694;36.175;11.797
843;842.000;11.693;36.174;11.796
844;843.000;11.691;36.175;11.794
845;844.000;11.690;36.175;11.793
846;845.000;11.687;36.175;11.790
847;846.000;11.685;36.177;11.788
848;847.000;11.683;36.177;11.787
849;848.000;11.679;36.178;11.783
850;849.000;11.677;36.177;11.781
851;850.000;11.676;36.179;11.780
852;851.000;11.678;36.178;11.782
853;852.000;11.679;36.179;11.783
854;853.000;11.680;36.179;11.784
855;854.000;11.680;36.180;11.784
856;855.000;11.680;36.180;11.785
857;856.000;11.678;36.180;11.783
858;857.000;11.670;36.180;11.775
859;858.000;11.656;36.177;11.761
860;859.000;11.637;36.174;11.742
861;860.000;11.627;36.172;11.732
862;861.000;11.620;36.171;11.725
863;862.000;11.619;36.171;11.724
864;863.000;11.624;36.172;11.729
865;864.000;11.633;36.175;11.738
866;865.000;11.635;36.179;11.741
867;866.000;11.640;36.181;11.746
868;867.000;11.639;36.181;11.745
869;868.000;11.635;36.179;11.741
870;869.000;11.631;36.179;11.737
871;870.000;11.626;36.178;11.732
872;871.000;11.621;36.179;11.727
873;872.000;11.618;36.178;11.724
874;873.000;11.616;36.179;11.723
875;874.000;11.610;36.178;11.717
876;875.000;11.593;36.176;11.700
877;876.000;11.571;36.171;11.678
878;877.000;11.561;36.171;11.668
879;878.000;11.556;36.169;11.663
880;879.000;11.558;36.170;11.665
881;880.000;11.562;36.171;11.669
882;881.000;11.566;36.175;11.673
883;882.000;11.563;36.175;11.670
884;883.000;11.552;36.172;11.659
885;884.000;11.536;36.169;11.643
886;885.000;11.527;36.170;11.634
887;886.000;11.526;36.170;11.634
888;887.000;11.527;36.172;11.635
889;888.000;11.531;36.171;11.639
890;889.000;11.530;36.173;11.638
891;890.000;11.522;36.171;11.630
892;891.000;11.507;36.171;11.615
893;892.000;11.508;36.172;11.616
894;893.000;11.510;36.173;11.618
895;894.000;11.503;36.172;11.611
896;895.000;11.501;36.174;11.610
897;896.000;11.498;36.174;11.607
898;897.000;11.494;36.175;11.603
899;898.000;11.494;36.175;11.603
900;899.000;11.496;36.179;11.605
901;900.000;11.498;36.179;11.607
902;901.000;11.501;36.181;11.610
903;902.000;11.502;36.183;11.612
904;903.000;11.503;36.181;11.613
905;904.000;11.501;36.183;11.611
906;905.000;11.500;36.182;11.610
907;906.000;11.496;36.182;11.606
908;907.000;11.493;36.182;11.603
909;908.000;11.493;36.184;11.603
910;909.000;11.492;36.184;11.602
911;910.000;11.491;36.183;11.601
912;911.000;11.485;36.183;11.596
913;912.000;11.479;36.184;11.590
914;913.000;11.476;36.182;11.587
915;914.000;11.474;36.183;11.585
916;915.000;11.471;36.184;11.582
917;916.000;11.468;36.183;11.579
918;917.000;11.466;36.185;11.577
919;918.000;11.466;36.183;11.577
920;919.000;11.465;36.183;11.576
921;920.000;11.462;36.183;11.574
922;921.000;11.459;36.184;11.571
923;922.000;11.456;36.184;11.568
924;923.000;11.455;36.186;11.567
925;924.000;11.457;36.185;11.569
926;925.000;11.457;36.186;11.569
927;926.000;11.459;36.186;11.571
928;927.000;11.462;36.189;11.574
929;928.000;11.468;36.190;11.581
930;929.000;11.468;36.191;11.581
931;930.000;11.466;36.192;11.579
932;931.000;11.463;36.191;11.576
933;932.000;11.460;36.189;11.573
934;933.000;11.458;36.189;11.571
935;934.000;11.456;36.191;11.569
936;935.000;11.453;36.191;11.566
937;936.000;11.449;36.192;11.563
938;937.000;11.445;36.192;11.559
939;938.000;11.441;36.193;11.555
940;939.000;11.442;36.193;11.556
941;940.000;11.445;36.195;11.559
942;941.000;11.448;36.198;11.562
943;942.000;11.453;36.198;11.567
944;943.000;11.453;36.200;11.567
945;944.000;11.454;36.198;11.569
946;945.000;11.454;36.200;11.569
947;946.000;11.454;36.201;11.569
948;947.000;11.453;36.200;11.568
949;948.000;11.450;36.200;11.565
950;949.000;11.448;36.200;11.563
951;950.000;11.441;36.199;11.556
952;951.000;11.433;36.198;11.548
953;952.000;11.431;36.197;11.546
954;953.000;11.429;36.197;11.545
955;954.000;11.426;36.198;11.542
956;955.000;11.425;36.197;11.541
957;956.000;11.424;36.198;11.540
958;957.000;11.423;36.197;11.539
959;958.000;11.420;36.199;11.536
960;959.000;11.417;36.199;11.533
961;960.000;11.419;36.199;11.535
962;961.000;11.425;36.203;11.542
963;962.000;11.428;36.204;11.545
964;963.000;11.425;36.205;11.542
965;964.000;11.423;36.204;11.540
966;965.000;11.426;36.208;11.543
967;966.000;11.430;36.209;11.547
968;967.000;11.425;36.209;11.542
969;968.000;11.416;36.208;11.533
970;969.000;11.414;36.208;11.531
971;970.000;11.411;36.207;11.529
972;971.000;11.407;36.208;11.525
973;972.000;11.393;36.204;11.511
974;973.000;11.373;36.201;11.491
975;974.000;11.363;36.199;11.481
976;975.000;11.355;36.198;11.473
977;976.000;11.337;36.193;11.455
978;977.000;11.318;36.190;11.436
979;978.000;11.321;36.191;11.439
980;979.000;11.320;36.192;11.438
981;980.000;11.308;36.190;11.426
982;981.000;11.289;36.188;11.407
983;982.000;11.283;36.188;11.401
984;983.000;11.290;36.187;11.408
985;984.000;11.300;36.188;11.419
986;985.000;11.311;36.191;11.430
987;986.000;11.330;36.199;11.449
988;987.000;11.334;36.202;11.453
989;988.000;11.322;36.201;11.441
990;989.000;11.320;36.201;11.439
991;990.000;11.327;36.207;11.447
992;991.000;11.327;36.208;11.447
993;992.000;11.319;36.208;11.439
994;993.000;11.308;36.206;11.428
995;994.000;11.297;36.204;11.417
996;995.000;11.292;36.203;11.412
997;996.000;11.289;36.201;11.409
998;997.000;11.283;36.201;11.403
999;998.000;11.276;36.200;11.396
1000;999.000;11.270;36.198;11.390
